Link,status,url
https://en.wikipedia.org/wiki/List_of_proprietary_software_for_Linux,404,https://en.wikipedia.org/wiki/Qoppa_Software
https://en.wikipedia.org/w/index.php?title=Notepad2&action=edit&section=2,404,https://en.wikipedia.org/wiki/Template:Editnotices/Page/Notepad2
https://en.wikipedia.org/w/index.php?title=IntelliCAD&action=edit&section=7,404,https://en.wikipedia.org/wiki/Template:Editnotices/Page/IntelliCAD
https://en.wikipedia.org/wiki/Template:Editnotices/Page/IntelliCAD,404,https://en.m.wikipedia.org/w/index.php?title=Template:Editnotices/Page/IntelliCAD&mobileaction=toggle_view_mobile
https://en.m.wikipedia.org/w/index.php?title=Template:Editnotices/Page/IntelliCAD&mobileaction=toggle_view_mobile,404,https://en.wikipedia.org/w/index.php?title=Template:Editnotices/Page/IntelliCAD&mobileaction=toggle_view_desktop
https://zh.m.wikipedia.org/wiki/Special:%E7%A7%BB%E5%8A%A8%E7%89%88%E8%AF%AD%E8%A8%80/%E5%90%8C%E6%AD%A5,404,https://zh.wikipedia.org/wiki/Special:%E7%A7%BB%E5%8A%A8%E7%89%88%E8%AF%AD%E8%A8%80/%E5%90%8C%E6%AD%A5
https://zh.m.wikipedia.org/w/index.php?title=X.Org_Server&action=edit&section=4,404,https://zh.m.wikipedia.org/wiki/Template:Editnotices/Page/X.Org_Server
https://zh.m.wikipedia.org/wiki/Template:Editnotices/Page/X.Org_Server,404,https://zh.wikipedia.org/w/index.php?title=Template:Editnotices/Page/X.Org_Server&mobileaction=toggle_view_desktop
https://zh.m.wikipedia.org/wiki/Template:Editnotices/Page/X.Org_Server,404,https://zh.wikipedia.org/wiki/Template:Editnotices/Page/X.Org_Server
https://zh.m.wikipedia.org/w/index.php?title=%E6%97%A5%E6%9C%AC%E4%BE%B5%E7%95%A5%E9%97%9C%E5%B3%B6&action=edit&redlink=1,404,https://zh.m.wikipedia.org/wiki/%E6%97%A5%E6%9C%AC%E4%BE%B5%E7%95%A5%E9%97%9C%E5%B3%B6
https://zh.m.wikipedia.org/wiki/%E6%97%A5%E6%9C%AC%E4%BE%B5%E7%95%A5%E9%97%9C%E5%B3%B6,404,https://zh.wikipedia.org/w/index.php?title=%E6%97%A5%E6%9C%AC%E4%BE%B5%E7%95%A5%E9%97%9C%E5%B3%B6&mobileaction=toggle_view_desktop
https://zh.wikipedia.org/w/index.php?title=%E6%97%A5%E6%9C%AC%E4%BE%B5%E7%95%A5%E9%97%9C%E5%B3%B6&mobileaction=toggle_view_desktop,404,https://zh.m.wikipedia.org/w/index.php?title=%E6%97%A5%E6%9C%AC%E4%BE%B5%E7%95%A5%E9%97%9C%E5%B3%B6&mobileaction=toggle_view_mobile
https://zh.wikipedia.org/w/index.php?title=%E6%97%A5%E6%9C%AC%E4%BE%B5%E7%95%A5%E9%97%9C%E5%B3%B6&mobileaction=toggle_view_desktop,404,https://zh.wikipedia.org/w/index.php?title=%E6%97%A5%E6%9C%AC%E4%BE%B5%E7%95%A5%E9%97%9C%E5%B3%B6&variant=zh-tw&mobileaction=toggle_view_desktop
https://zh.wikipedia.org/w/index.php?title=%E6%97%A5%E6%9C%AC%E4%BE%B5%E7%95%A5%E9%97%9C%E5%B3%B6&variant=zh-tw&mobileaction=toggle_view_desktop,404,https://zh.m.wikipedia.org/w/index.php?title=%E6%97%A5%E6%9C%AC%E4%BE%B5%E7%95%A5%E9%97%9C%E5%B3%B6&variant=zh-tw&mobileaction=toggle_view_mobile
https://ja.m.wikipedia.org/w/index.php?title=%E6%9D%B1%E6%B4%8B%E7%B5%8C%E6%B8%88%E6%96%B0%E8%81%9E%E7%A4%BE&action=edit&redlink=1,404,https://ja.wikipedia.org/wiki/%E6%9D%B1%E6%B4%8B%E7%B5%8C%E6%B8%88%E6%96%B0%E8%81%9E%E7%A4%BE
https://ja.wikipedia.org/wiki/%E6%9D%B1%E6%B4%8B%E7%B5%8C%E6%B8%88%E6%96%B0%E8%81%9E%E7%A4%BE,404,https://ja.m.wikipedia.org/w/index.php?title=%E6%9D%B1%E6%B4%8B%E7%B5%8C%E6%B8%88%E6%96%B0%E8%81%9E%E7%A4%BE&mobileaction=toggle_view_mobile
https://wuu.wikipedia.org/wiki/Wikipedia:%E7%94%A8%E6%88%B7%E5%90%8D%E6%96%B9%E9%92%88,404,https://wuu.wikipedia.org/wiki/Wikipedia:%E5%85%8D%E8%B4%A3%E5%A3%B0%E6%98%8E
https://vi.m.wikipedia.org/w/index.php?title=Wikipedia:T%C3%AAn_ng%C6%B0%E1%BB%9Di_d%C3%B9ng&mobileaction=toggle_view_mobile,404,https://vi.m.wikipedia.org/wiki/Wikipedia:L%C3%A0m_th%E1%BA%BF_n%C3%A0o_%C4%91%E1%BB%83_%C4%91%C4%83ng_nh%E1%BA%ADp
https://vi.m.wikipedia.org/wiki/Wikipedia:L%C3%A0m_th%E1%BA%BF_n%C3%A0o_%C4%91%E1%BB%83_%C4%91%C4%83ng_nh%E1%BA%ADp,404,https://vi.wikipedia.org/w/index.php?title=Wikipedia:L%C3%A0m_th%E1%BA%BF_n%C3%A0o_%C4%91%E1%BB%83_%C4%91%C4%83ng_nh%E1%BA%ADp&mobileaction=toggle_view_desktop
https://vi.wikipedia.org/w/index.php?title=Wikipedia:L%C3%A0m_th%E1%BA%BF_n%C3%A0o_%C4%91%E1%BB%83_%C4%91%C4%83ng_nh%E1%BA%ADp&mobileaction=toggle_view_desktop,404,https://vi.m.wikipedia.org/w/index.php?title=Wikipedia:L%C3%A0m_th%E1%BA%BF_n%C3%A0o_%C4%91%E1%BB%83_%C4%91%C4%83ng_nh%E1%BA%ADp&mobileaction=toggle_view_mobile
https://zh.m.wikipedia.org/w/index.php?title=%E6%97%A5%E6%9C%AC%E4%BE%B5%E7%95%A5%E9%97%9C%E5%B3%B6&action=edit&redlink=1,404,https://zh.wikipedia.org/wiki/%E6%97%A5%E6%9C%AC%E4%BE%B5%E7%95%A5%E9%97%9C%E5%B3%B6
https://yi.m.wikipedia.org/w/index.php?title=%D7%B0%D7%99%D7%A7%D7%99%D7%A4%D6%BC%D7%A2%D7%93%D7%99%D7%A2:%D7%91%D7%A2%D7%98%D7%9F_%D7%90_%D7%A7%D7%90%D7%A0%D7%98%D7%A2&action=edit&redlink=1,404,https://yi.wikipedia.org/wiki/%D7%B0%D7%99%D7%A7%D7%99%D7%A4%D6%BC%D7%A2%D7%93%D7%99%D7%A2:%D7%91%D7%A2%D7%98%D7%9F_%D7%90_%D7%A7%D7%90%D7%A0%D7%98%D7%A2
https://yi.wikipedia.org/wiki/%D7%B0%D7%99%D7%A7%D7%99%D7%A4%D6%BC%D7%A2%D7%93%D7%99%D7%A2:%D7%91%D7%A2%D7%98%D7%9F_%D7%90_%D7%A7%D7%90%D7%A0%D7%98%D7%A2,404,https://yi.m.wikipedia.org/w/index.php?title=%D7%B0%D7%99%D7%A7%D7%99%D7%A4%D6%BC%D7%A2%D7%93%D7%99%D7%A2:%D7%91%D7%A2%D7%98%D7%9F_%D7%90_%D7%A7%D7%90%D7%A0%D7%98%D7%A2&mobileaction=toggle_view_mobile
https://yi.m.wikipedia.org/w/index.php?title=%D7%B0%D7%99%D7%A7%D7%99%D7%A4%D6%BC%D7%A2%D7%93%D7%99%D7%A2:%D7%91%D7%A2%D7%98%D7%9F_%D7%90_%D7%A7%D7%90%D7%A0%D7%98%D7%A2&action=edit&redlink=1,404,https://yi.m.wikipedia.org/wiki/%D7%B0%D7%99%D7%A7%D7%99%D7%A4%D6%BC%D7%A2%D7%93%D7%99%D7%A2:%D7%91%D7%A2%D7%98%D7%9F_%D7%90_%D7%A7%D7%90%D7%A0%D7%98%D7%A2
https://yi.m.wikipedia.org/w/index.php?title=%D7%B0%D7%99%D7%A7%D7%99%D7%A4%D6%BC%D7%A2%D7%93%D7%99%D7%A2:%D7%91%D7%A2%D7%98%D7%9F_%D7%90_%D7%A7%D7%90%D7%A0%D7%98%D7%A2&mobileaction=toggle_view_mobile,404,https://yi.wikipedia.org/w/index.php?title=%D7%B0%D7%99%D7%A7%D7%99%D7%A4%D6%BC%D7%A2%D7%93%D7%99%D7%A2:%D7%91%D7%A2%D7%98%D7%9F_%D7%90_%D7%A7%D7%90%D7%A0%D7%98%D7%A2&mobileaction=toggle_view_desktop
https://ko.m.wikipedia.org/w/index.php?title=%E4%BA%AC%E8%A8%80%E8%91%89&action=edit&redlink=1,404,https://ko.m.wikipedia.org/wiki/%E4%BA%AC%E8%A8%80%E8%91%89
https://ko.m.wikipedia.org/wiki/%E4%BA%AC%E8%A8%80%E8%91%89,404,https://ko.wikipedia.org/w/index.php?title=%E4%BA%AC%E8%A8%80%E8%91%89&mobileaction=toggle_view_desktop
https://ko.wikipedia.org/w/index.php?title=%E4%BA%AC%E8%A8%80%E8%91%89&mobileaction=toggle_view_desktop,404,https://ko.m.wikipedia.org/w/index.php?title=%E4%BA%AC%E8%A8%80%E8%91%89&mobileaction=toggle_view_mobile
https://ko.m.wikipedia.org/w/index.php?title=%ED%8B%80:Link_GA&action=edit&redlink=1,404,https://ko.wikipedia.org/wiki/%ED%8B%80:Link_GA
https://ko.wikipedia.org/wiki/%ED%8B%80:Link_GA,404,https://ko.m.wikipedia.org/w/index.php?title=%ED%8B%80:Link_GA&mobileaction=toggle_view_mobile
https://ko.m.wikipedia.org/w/index.php?title=%ED%8B%80:Link_FA&action=edit&redlink=1,404,https://ko.m.wikipedia.org/wiki/%ED%8B%80:Link_FA
https://ko.m.wikipedia.org/w/index.php?title=%ED%8B%80:Link_FA&action=edit&redlink=1,404,https://ko.wikipedia.org/wiki/%ED%8B%80:Link_FA
https://ko.m.wikipedia.org/w/index.php?title=%ED%8B%80:Link_FA&action=edit&redlink=1,404,https://ko.m.wikipedia.org/wiki/%ED%8B%80:%ED%8E%B8%EC%A7%91_%EC%95%88%EB%82%B4/%EB%AC%B8%EC%84%9C/%ED%8B%80:Link_FA
https://ko.m.wikipedia.org/wiki/%ED%8B%80:Link_FA,404,https://ko.wikipedia.org/w/index.php?title=%ED%8B%80:Link_FA&mobileaction=toggle_view_desktop
https://ko.m.wikipedia.org/w/index.php?title=%ED%8B%80:Link_FA&action=edit&redlink=1,404,https://ko.m.wikipedia.org/wiki/%ED%8B%80:%ED%8E%B8%EC%A7%91_%EC%95%88%EB%82%B4/%EB%AC%B6%EC%9D%8C/%ED%8B%80:Link_FA
https://ko.m.wikipedia.org/wiki/%ED%8B%80:%ED%8E%B8%EC%A7%91_%EC%95%88%EB%82%B4/%EB%AC%B8%EC%84%9C/%ED%8B%80:Link_FA,404,https://ko.wikipedia.org/w/index.php?title=%ED%8B%80:%ED%8E%B8%EC%A7%91_%EC%95%88%EB%82%B4/%EB%AC%B8%EC%84%9C/%ED%8B%80:Link_FA&mobileaction=toggle_view_desktop
https://ko.wikipedia.org/w/index.php?title=%ED%8B%80:%ED%8E%B8%EC%A7%91_%EC%95%88%EB%82%B4/%EB%AC%B8%EC%84%9C/%ED%8B%80:Link_FA&mobileaction=toggle_view_desktop,404,https://ko.m.wikipedia.org/w/index.php?title=%ED%8B%80:%ED%8E%B8%EC%A7%91_%EC%95%88%EB%82%B4/%EB%AC%B8%EC%84%9C/%ED%8B%80:Link_FA&mobileaction=toggle_view_mobile
https://ko.m.wikipedia.org/wiki/%ED%8B%80:%ED%8E%B8%EC%A7%91_%EC%95%88%EB%82%B4/%EB%AC%B8%EC%84%9C/%ED%8B%80:Link_FA,404,https://ko.wikipedia.org/wiki/%ED%8B%80:%ED%8E%B8%EC%A7%91_%EC%95%88%EB%82%B4/%EB%AC%B8%EC%84%9C/%ED%8B%80:Link_FA
https://ko.m.wikipedia.org/w/index.php?title=%ED%8B%80%ED%86%A0%EB%A1%A0:%ED%8E%B8%EC%A7%91_%EC%95%88%EB%82%B4/%EB%AC%B8%EC%84%9C/%ED%8B%80:Link_FA&action=edit&redlink=1,404,https://ko.m.wikipedia.org/wiki/%ED%8B%80%ED%86%A0%EB%A1%A0:%ED%8E%B8%EC%A7%91_%EC%95%88%EB%82%B4/%EB%AC%B8%EC%84%9C/%ED%8B%80:Link_FA
https://ko.m.wikipedia.org/wiki/%ED%8B%80%ED%86%A0%EB%A1%A0:%ED%8E%B8%EC%A7%91_%EC%95%88%EB%82%B4/%EB%AC%B8%EC%84%9C/%ED%8B%80:Link_FA,404,https://ko.wikipedia.org/w/index.php?title=%ED%8B%80%ED%86%A0%EB%A1%A0:%ED%8E%B8%EC%A7%91_%EC%95%88%EB%82%B4/%EB%AC%B8%EC%84%9C/%ED%8B%80:Link_FA&mobileaction=toggle_view_desktop
https://ko.m.wikipedia.org/wiki/%ED%8B%80%ED%86%A0%EB%A1%A0:%ED%8E%B8%EC%A7%91_%EC%95%88%EB%82%B4/%EB%AC%B8%EC%84%9C/%ED%8B%80:Link_FA,404,https://ko.m.wikipedia.org/wiki/%ED%8A%B9%EC%88%98:%EA%B0%80%EB%A6%AC%ED%82%A4%EB%8A%94%EB%AC%B8%EC%84%9C/%ED%8B%80%ED%86%A0%EB%A1%A0:%ED%8E%B8%EC%A7%91_%EC%95%88%EB%82%B4/%EB%AC%B8%EC%84%9C/%ED%8B%80:Link_FA
https://ko.m.wikipedia.org/w/index.php?title=%ED%8B%80%ED%86%A0%EB%A1%A0:%ED%8E%B8%EC%A7%91_%EC%95%88%EB%82%B4/%EB%AC%B8%EC%84%9C/%ED%8B%80:Link_FA&action=edit&redlink=1,404,https://ko.m.wikipedia.org/wiki/%ED%8B%80:%ED%8E%B8%EC%A7%91_%EC%95%88%EB%82%B4/%EB%AC%B8%EC%84%9C/%ED%8B%80%ED%86%A0%EB%A1%A0:%ED%8E%B8%EC%A7%91_%EC%95%88%EB%82%B4/%EB%AC%B8%EC%84%9C/%ED%8B%80:Link_FA
https://ko.wikipedia.org/w/index.php?title=%ED%8B%80%ED%86%A0%EB%A1%A0:%ED%8E%B8%EC%A7%91_%EC%95%88%EB%82%B4/%EB%AC%B8%EC%84%9C/%ED%8B%80:Link_FA&mobileaction=toggle_view_desktop,404,https://ko.m.wikipedia.org/w/index.php?title=%ED%8B%80%ED%86%A0%EB%A1%A0:%ED%8E%B8%EC%A7%91_%EC%95%88%EB%82%B4/%EB%AC%B8%EC%84%9C/%ED%8B%80:Link_FA&mobileaction=toggle_view_mobile
https://ko.m.wikipedia.org/wiki/%ED%8A%B9%EC%88%98:%EA%B0%80%EB%A6%AC%ED%82%A4%EB%8A%94%EB%AC%B8%EC%84%9C/%ED%8B%80%ED%86%A0%EB%A1%A0:%ED%8E%B8%EC%A7%91_%EC%95%88%EB%82%B4/%EB%AC%B8%EC%84%9C/%ED%8B%80:Link_FA,404,https://ko.m.wikipedia.org/w/index.php?title=%ED%8A%B9%EC%88%98:%EA%B0%80%EB%A6%AC%ED%82%A4%EB%8A%94%EB%AC%B8%EC%84%9C/%ED%8B%80%ED%86%A0%EB%A1%A0:%ED%8E%B8%EC%A7%91_%EC%95%88%EB%82%B4/%EB%AC%B8%EC%84%9C/%ED%8B%80:Link_FA&hideredirs=1
https://ko.m.wikipedia.org/w/index.php?title=%ED%8B%80%ED%86%A0%EB%A1%A0:%ED%8E%B8%EC%A7%91_%EC%95%88%EB%82%B4/%EB%AC%B8%EC%84%9C/%ED%8B%80:Link_FA&action=edit&redlink=1,404,https://ko.m.wikipedia.org/wiki/%ED%8B%80:%ED%8E%B8%EC%A7%91_%EC%95%88%EB%82%B4/%EB%AC%B6%EC%9D%8C/%ED%8B%80%ED%86%A0%EB%A1%A0:%ED%8E%B8%EC%A7%91_%EC%95%88%EB%82%B4
https://ko.m.wikipedia.org/wiki/%ED%8B%80:%ED%8E%B8%EC%A7%91_%EC%95%88%EB%82%B4/%EB%AC%B8%EC%84%9C/%ED%8B%80%ED%86%A0%EB%A1%A0:%ED%8E%B8%EC%A7%91_%EC%95%88%EB%82%B4/%EB%AC%B8%EC%84%9C/%ED%8B%80:Link_FA,404,https://ko.wikipedia.org/w/index.php?title=%ED%8B%80:%ED%8E%B8%EC%A7%91_%EC%95%88%EB%82%B4/%EB%AC%B8%EC%84%9C/%ED%8B%80%ED%86%A0%EB%A1%A0:%ED%8E%B8%EC%A7%91_%EC%95%88%EB%82%B4/%EB%AC%B8%EC%84%9C/%ED%8B%80:Link_FA&mobileaction=toggle_view_desktop
https://ko.m.wikipedia.org/w/index.php?title=%ED%8E%B8%EC%A7%91_%EC%95%88%EB%82%B4/%EB%AC%B8%EC%84%9C/%ED%8B%80:Link_FA&action=edit&redlink=1,404,https://ko.wikipedia.org/wiki/%ED%8E%B8%EC%A7%91_%EC%95%88%EB%82%B4/%EB%AC%B8%EC%84%9C/%ED%8B%80:Link_FA
https://ko.m.wikipedia.org/w/index.php?title=%ED%8E%B8%EC%A7%91_%EC%95%88%EB%82%B4/%EB%AC%B8%EC%84%9C/%ED%8B%80:Link_FA&action=edit&redlink=1,404,https://ko.m.wikipedia.org/wiki/%ED%8E%B8%EC%A7%91_%EC%95%88%EB%82%B4/%EB%AC%B8%EC%84%9C/%ED%8B%80:Link_FA
https://ko.m.wikipedia.org/w/index.php?title=%ED%8A%B9%EC%88%98:%EA%B0%80%EB%A6%AC%ED%82%A4%EB%8A%94%EB%AC%B8%EC%84%9C/%ED%8B%80%ED%86%A0%EB%A1%A0:%ED%8E%B8%EC%A7%91_%EC%95%88%EB%82%B4/%EB%AC%B8%EC%84%9C/%ED%8B%80:Link_FA&hideredirs=1,404,https://ko.wikipedia.org/w/index.php?title=%ED%8A%B9%EC%88%98:%EA%B0%80%EB%A6%AC%ED%82%A4%EB%8A%94%EB%AC%B8%EC%84%9C/%ED%8B%80%ED%86%A0%EB%A1%A0:%ED%8E%B8%EC%A7%91_%EC%95%88%EB%82%B4/%EB%AC%B8%EC%84%9C/%ED%8B%80:Link_FA&hideredirs=1
https://ko.m.wikipedia.org/wiki/%ED%8E%B8%EC%A7%91_%EC%95%88%EB%82%B4/%EB%AC%B8%EC%84%9C/%ED%8B%80:Link_FA,404,https://ko.m.wikipedia.org/wiki/%ED%8A%B9%EC%88%98:%EA%B0%80%EB%A6%AC%ED%82%A4%EB%8A%94%EB%AC%B8%EC%84%9C/%ED%8E%B8%EC%A7%91_%EC%95%88%EB%82%B4/%EB%AC%B8%EC%84%9C/%ED%8B%80:Link_FA
https://ko.m.wikipedia.org/wiki/%ED%8E%B8%EC%A7%91_%EC%95%88%EB%82%B4/%EB%AC%B8%EC%84%9C/%ED%8B%80:Link_FA,404,https://ko.wikipedia.org/w/index.php?title=%ED%8E%B8%EC%A7%91_%EC%95%88%EB%82%B4/%EB%AC%B8%EC%84%9C/%ED%8B%80:Link_FA&mobileaction=toggle_view_desktop
https://ko.m.wikipedia.org/wiki/%ED%8A%B9%EC%88%98:%EA%B0%80%EB%A6%AC%ED%82%A4%EB%8A%94%EB%AC%B8%EC%84%9C/%ED%8E%B8%EC%A7%91_%EC%95%88%EB%82%B4/%EB%AC%B8%EC%84%9C/%ED%8B%80:Link_FA,404,https://ko.m.wikipedia.org/w/index.php?title=%ED%8A%B9%EC%88%98:%EA%B0%80%EB%A6%AC%ED%82%A4%EB%8A%94%EB%AC%B8%EC%84%9C/%ED%8E%B8%EC%A7%91_%EC%95%88%EB%82%B4/%EB%AC%B8%EC%84%9C/%ED%8B%80:Link_FA&hideredirs=1
https://ko.m.wikipedia.org/wiki/%ED%8A%B9%EC%88%98:%EA%B0%80%EB%A6%AC%ED%82%A4%EB%8A%94%EB%AC%B8%EC%84%9C/%ED%8E%B8%EC%A7%91_%EC%95%88%EB%82%B4/%EB%AC%B8%EC%84%9C/%ED%8B%80:Link_FA,404,https://ko.m.wikipedia.org/w/index.php?title=%ED%8A%B9%EC%88%98:%EA%B0%80%EB%A6%AC%ED%82%A4%EB%8A%94%EB%AC%B8%EC%84%9C/%ED%8E%B8%EC%A7%91_%EC%95%88%EB%82%B4/%EB%AC%B8%EC%84%9C/%ED%8B%80:Link_FA&hidetrans=1
https://ko.m.wikipedia.org/wiki/%ED%8A%B9%EC%88%98:%EA%B0%80%EB%A6%AC%ED%82%A4%EB%8A%94%EB%AC%B8%EC%84%9C/%ED%8E%B8%EC%A7%91_%EC%95%88%EB%82%B4/%EB%AC%B8%EC%84%9C/%ED%8B%80:Link_FA,404,https://ko.m.wikipedia.org/w/index.php?title=%ED%8A%B9%EC%88%98:%EA%B0%80%EB%A6%AC%ED%82%A4%EB%8A%94%EB%AC%B8%EC%84%9C/%ED%8E%B8%EC%A7%91_%EC%95%88%EB%82%B4/%EB%AC%B8%EC%84%9C/%ED%8B%80:Link_FA&hidelinks=1
https://ko.m.wikipedia.org/w/index.php?title=%ED%8A%B9%EC%88%98:%EA%B0%80%EB%A6%AC%ED%82%A4%EB%8A%94%EB%AC%B8%EC%84%9C/%ED%8E%B8%EC%A7%91_%EC%95%88%EB%82%B4/%EB%AC%B8%EC%84%9C/%ED%8B%80:Link_FA&hideredirs=1,404,https://ko.m.wikipedia.org/w/index.php?title=%ED%8A%B9%EC%88%98:%EA%B0%80%EB%A6%AC%ED%82%A4%EB%8A%94%EB%AC%B8%EC%84%9C/%ED%8E%B8%EC%A7%91_%EC%95%88%EB%82%B4/%EB%AC%B8%EC%84%9C/%ED%8B%80:Link_FA&hideredirs=1&hidelinks=1
https://ko.m.wikipedia.org/w/index.php?title=%ED%8A%B9%EC%88%98:%EA%B0%80%EB%A6%AC%ED%82%A4%EB%8A%94%EB%AC%B8%EC%84%9C/%ED%8E%B8%EC%A7%91_%EC%95%88%EB%82%B4/%EB%AC%B8%EC%84%9C/%ED%8B%80:Link_FA&hideredirs=1,404,https://ko.m.wikipedia.org/w/index.php?title=%ED%8A%B9%EC%88%98:%EA%B0%80%EB%A6%AC%ED%82%A4%EB%8A%94%EB%AC%B8%EC%84%9C/%ED%8E%B8%EC%A7%91_%EC%95%88%EB%82%B4/%EB%AC%B8%EC%84%9C/%ED%8B%80:Link_FA&hideredirs=1&hidetrans=1
https://ko.m.wikipedia.org/w/index.php?title=%ED%8A%B9%EC%88%98:%EA%B0%80%EB%A6%AC%ED%82%A4%EB%8A%94%EB%AC%B8%EC%84%9C/%ED%8E%B8%EC%A7%91_%EC%95%88%EB%82%B4/%EB%AC%B8%EC%84%9C/%ED%8B%80:Link_FA&hideredirs=1,404,https://ko.wikipedia.org/w/index.php?title=%ED%8A%B9%EC%88%98:%EA%B0%80%EB%A6%AC%ED%82%A4%EB%8A%94%EB%AC%B8%EC%84%9C/%ED%8E%B8%EC%A7%91_%EC%95%88%EB%82%B4/%EB%AC%B8%EC%84%9C/%ED%8B%80:Link_FA&hideredirs=1
https://ko.m.wikipedia.org/w/index.php?title=%ED%8A%B9%EC%88%98:%EA%B0%80%EB%A6%AC%ED%82%A4%EB%8A%94%EB%AC%B8%EC%84%9C/%ED%8E%B8%EC%A7%91_%EC%95%88%EB%82%B4/%EB%AC%B8%EC%84%9C/%ED%8B%80:Link_FA&hidetrans=1,404,https://ko.m.wikipedia.org/w/index.php?title=%ED%8A%B9%EC%88%98:%EA%B0%80%EB%A6%AC%ED%82%A4%EB%8A%94%EB%AC%B8%EC%84%9C/%ED%8E%B8%EC%A7%91_%EC%95%88%EB%82%B4/%EB%AC%B8%EC%84%9C/%ED%8B%80:Link_FA&hidetrans=1&hidelinks=1
https://ko.m.wikipedia.org/w/index.php?title=%ED%8A%B9%EC%88%98:%EA%B0%80%EB%A6%AC%ED%82%A4%EB%8A%94%EB%AC%B8%EC%84%9C/%ED%8E%B8%EC%A7%91_%EC%95%88%EB%82%B4/%EB%AC%B8%EC%84%9C/%ED%8B%80:Link_FA&hidetrans=1,404,https://ko.wikipedia.org/w/index.php?title=%ED%8A%B9%EC%88%98:%EA%B0%80%EB%A6%AC%ED%82%A4%EB%8A%94%EB%AC%B8%EC%84%9C/%ED%8E%B8%EC%A7%91_%EC%95%88%EB%82%B4/%EB%AC%B8%EC%84%9C/%ED%8B%80:Link_FA&hidetrans=1
https://ko.m.wikipedia.org/w/index.php?title=%ED%8A%B9%EC%88%98:%EA%B0%80%EB%A6%AC%ED%82%A4%EB%8A%94%EB%AC%B8%EC%84%9C/%ED%8E%B8%EC%A7%91_%EC%95%88%EB%82%B4/%EB%AC%B8%EC%84%9C/%ED%8B%80:Link_FA&hidelinks=1,404,https://ko.wikipedia.org/w/index.php?title=%ED%8A%B9%EC%88%98:%EA%B0%80%EB%A6%AC%ED%82%A4%EB%8A%94%EB%AC%B8%EC%84%9C/%ED%8E%B8%EC%A7%91_%EC%95%88%EB%82%B4/%EB%AC%B8%EC%84%9C/%ED%8B%80:Link_FA&hidelinks=1
